"Based on your selection, you may be interested in the following items:","YOU MIGHT ALSO LIKE..."
"You may also be interested in the following product(s)","YOU MIGHT ALSO LIKE..."
"Related Products","Related Products"
"Check items to add to the cart or","Check items to add to the cart or"
"select all","select all"
"Sign Up","Sign Up"
"Select Store","Select Store"
"Select Store:","Select Store:"
"Your Language:","Your Language:"
"Your Language","Your Language"
"Navigation","Navigation"
"Home","Home"
"Qty:","Qty:"
"Search","Search"
"Previous","Previous"
"Next","Next"
"Subscribe","Subscribe"
"Your email","Your email"
"Newsletter Sign Up","Newsletter Sign Up"
"Latest Arrivals","Latest Arrivals"
"On Sale","On Sale"
"Regular Price:",""
"Special Price:",""